,t,f1,f2,f3,f4,f5,f6
0,0.0,0.0,0.0,0.0,0.0,-30.0,-30.0
1,0.01,0.0,0.0,0.0,0.0,-30.0,-30.0
2,0.02,0.5,0.5,0.0,0.0,-30.0,-30.0
3,0.03,0.5,0.5,0.0,0.0,-30.0,-30.0
4,0.04,1.0,1.0,0.0,0.0,-30.0,-30.0
5,0.05,1.0,1.0,0.0,0.0,-30.0,-30.0
6,0.06,1.0,1.0,0.0,0.0,-30.0,-30.0
7,0.07,1.5,1.5,0.0,0.0,-30.0,-30.0
8,0.08,1.5,1.5,0.0,0.0,-30.0,-30.0
9,0.09,1.5,1.5,0.0,0.0,-30.0,-30.0
10,0.1,2.0,2.0,0.0,0.0,-30.0,-30.0
11,0.11,2.0,2.0,0.0,0.0,-30.0,-30.0
12,0.12,2.5,2.5,0.0,0.0,-30.0,-30.0
13,0.13,2.5,2.5,0.0,0.0,-30.0,-30.0
14,0.14,2.5,2.5,0.0,0.0,-30.0,-30.0
15,0.15,3.0,3.0,0.0,0.0,-30.0,-30.0
16,0.16,3.0,3.0,0.0,0.0,-30.0,-30.0
17,0.17,3.0,3.0,0.0,0.0,-30.0,-30.0
18,0.18,3.5,3.5,0.0,0.0,-30.0,-30.0
19,0.19,3.5,3.5,0.0,0.0,-30.0,-30.0
20,0.2,4.0,4.0,0.0,0.0,-30.0,-30.0
21,0.21,4.0,4.0,0.0,0.0,-29.5,-29.5
22,0.22,4.0,4.0,0.0,0.0,-29.5,-29.5
23,0.23,4.5,4.5,0.0,0.0,-29.5,-29.5
24,0.24,4.5,4.5,0.0,0.0,-29.5,-29.5
25,0.25,4.5,4.5,0.0,0.0,-29.5,-29.5
26,0.26,5.0,5.0,0.0,0.0,-29.5,-29.5
27,0.27,5.0,5.0,0.0,0.0,-29.5,-29.5
28,0.28,5.5,5.5,0.0,0.0,-29.5,-29.5
29,0.29,5.5,5.5,0.0,0.0,-29.5,-29.5
30,0.3,5.5,5.5,0.0,0.0,-29.5,-29.5
31,0.31,6.0,6.0,0.0,0.0,-29.5,-29.5
32,0.32,6.0,6.0,0.0,0.0,-29.5,-29.5
33,0.33,6.0,6.0,0.0,0.0,-29.5,-29.5
34,0.34,6.5,6.5,0.0,0.0,-29.5,-29.5
35,0.35000000000000003,6.5,6.5,0.0,0.0,-29.5,-29.5
36,0.36,6.5,6.5,0.0,0.0,-29.0,-29.0
37,0.37,7.0,7.0,0.0,0.0,-29.0,-29.0
38,0.38,7.0,7.0,0.0,0.0,-29.0,-29.0
39,0.39,7.5,7.5,0.0,0.0,-29.0,-29.0
40,0.4,7.5,7.5,0.0,0.0,-29.0,-29.0
41,0.41000000000000003,7.5,7.5,0.0,0.0,-29.0,-29.0
42,0.42,8.0,8.0,0.0,0.0,-29.0,-29.0
43,0.43,8.0,8.0,0.0,0.0,-29.0,-29.0
44,0.44,8.0,8.0,0.0,0.0,-29.0,-29.0
45,0.45,8.5,8.5,0.0,0.0,-29.0,-29.0
46,0.46,8.5,8.5,0.0,0.0,-29.0,-29.0
47,0.47000000000000003,8.5,8.5,0.0,0.0,-28.5,-28.5
48,0.48,9.0,9.0,0.0,0.0,-28.5,-28.5
49,0.49,9.0,9.0,0.0,0.0,-28.5,-28.5
50,0.5,9.5,9.5,0.0,0.0,-28.5,-28.5
51,0.51,9.5,9.5,0.0,0.0,-28.5,-28.5
52,0.52,9.5,9.5,0.0,0.0,-28.5,-28.5
53,0.53,10.0,10.0,0.0,0.0,-28.5,-28.5
54,0.54,10.0,10.0,0.0,0.0,-28.5,-28.5
55,0.55,10.0,10.0,0.0,0.0,-28.0,-28.0
56,0.56,10.5,10.5,0.0,0.0,-28.0,-28.0
57,0.5700000000000001,10.5,10.5,0.0,0.0,-28.0,-28.0
58,0.58,10.5,10.5,0.0,0.0,-28.0,-28.0
59,0.59,11.0,11.0,0.0,0.0,-28.0,-28.0
60,0.6,11.0,11.0,0.0,0.0,-28.0,-28.0
61,0.61,11.0,11.0,0.0,0.0,-28.0,-28.0
62,0.62,11.5,11.5,0.0,0.0,-28.0,-28.0
63,0.63,11.5,11.5,0.0,0.0,-27.5,-27.5
64,0.64,11.5,11.5,0.0,0.0,-27.5,-27.5
65,0.65,12.0,12.0,0.0,0.0,-27.5,-27.5
66,0.66,12.0,12.0,0.0,0.0,-27.5,-27.5
67,0.67,12.5,12.5,0.0,0.0,-27.5,-27.5
68,0.68,12.5,12.5,0.0,0.0,-27.5,-27.5
69,0.6900000000000001,12.5,12.5,0.0,0.0,-27.0,-27.0
70,0.7000000000000001,13.0,13.0,0.0,0.0,-27.0,-27.0
71,0.71,13.0,13.0,0.0,0.0,-27.0,-27.0
72,0.72,13.0,13.0,0.0,0.0,-27.0,-27.0
73,0.73,13.5,13.5,0.0,0.0,-27.0,-27.0
74,0.74,13.5,13.5,0.0,0.0,-27.0,-27.0
75,0.75,13.5,13.5,0.0,0.0,-26.5,-26.5
76,0.76,14.0,14.0,0.0,0.0,-26.5,-26.5
77,0.77,14.0,14.0,0.0,0.0,-26.5,-26.5
78,0.78,14.0,14.0,0.0,0.0,-26.5,-26.5
79,0.79,14.5,14.5,0.0,0.0,-26.5,-26.5
80,0.8,14.5,14.5,0.0,0.0,-26.5,-26.5
81,0.81,14.5,14.5,0.0,0.0,-26.0,-26.0
82,0.8200000000000001,15.0,15.0,0.0,0.0,-26.0,-26.0
83,0.8300000000000001,15.0,15.0,0.0,0.0,-26.0,-26.0
84,0.84,15.0,15.0,0.0,0.0,-26.0,-26.0
85,0.85,15.5,15.5,0.0,0.0,-26.0,-26.0
86,0.86,15.5,15.5,0.0,0.0,-25.5,-25.5
87,0.87,15.5,15.5,0.0,0.0,-25.5,-25.5
88,0.88,16.0,16.0,0.0,0.0,-25.5,-25.5
89,0.89,16.0,16.0,0.0,0.0,-25.5,-25.5
90,0.9,16.0,16.0,0.0,0.0,-25.5,-25.5
91,0.91,16.0,16.0,0.0,0.0,-25.0,-25.0
92,0.92,16.5,16.5,0.0,0.0,-25.0,-25.0
93,0.93,16.5,16.5,0.0,0.0,-25.0,-25.0
94,0.9400000000000001,16.5,16.5,0.0,0.0,-25.0,-25.0
95,0.9500000000000001,17.0,17.0,0.0,0.0,-25.0,-25.0
96,0.96,17.0,17.0,0.0,0.0,-24.5,-24.5
97,0.97,17.0,17.0,0.0,0.0,-24.5,-24.5
98,0.98,17.5,17.5,0.0,0.0,-24.5,-24.5
99,0.99,17.5,17.5,0.0,0.0,-24.5,-24.5
100,1.0,17.5,17.5,0.0,0.0,-24.5,-24.5
101,1.01,18.0,18.0,0.0,0.0,-24.0,-24.0
102,1.02,18.0,18.0,0.0,0.0,-24.0,-24.0
103,1.03,18.0,18.0,0.0,0.0,-24.0,-24.0
104,1.04,18.0,18.0,0.0,0.0,-24.0,-24.0
105,1.05,18.5,18.5,0.0,0.0,-23.5,-23.5
106,1.06,18.5,18.5,0.0,0.0,-23.5,-23.5
107,1.07,18.5,18.5,0.0,0.0,-23.5,-23.5
108,1.08,19.0,19.0,0.0,0.0,-23.5,-23.5
109,1.09,19.0,19.0,0.0,0.0,-23.0,-23.0
110,1.1,19.0,19.0,0.0,0.0,-23.0,-23.0
111,1.11,19.5,19.5,0.0,0.0,-23.0,-23.0
112,1.12,19.5,19.5,0.0,0.0,-23.0,-23.0
113,1.1300000000000001,19.5,19.5,0.0,0.0,-23.0,-23.0
114,1.1400000000000001,19.5,19.5,0.0,0.0,-22.5,-22.5
115,1.1500000000000001,20.0,20.0,0.0,0.0,-22.5,-22.5
116,1.16,20.0,20.0,0.0,0.0,-22.5,-22.5
117,1.17,20.0,20.0,0.0,0.0,-22.5,-22.5
118,1.18,20.5,20.5,0.0,0.0,-22.0,-22.0
119,1.19,20.5,20.5,0.0,0.0,-22.0,-22.0
120,1.2,20.5,20.5,0.0,0.0,-22.0,-22.0
121,1.21,20.5,20.5,0.0,0.0,-21.5,-21.5
122,1.22,21.0,21.0,0.0,0.0,-21.5,-21.5
123,1.23,21.0,21.0,0.0,0.0,-21.5,-21.5
124,1.24,21.0,21.0,0.0,0.0,-21.5,-21.5
125,1.25,21.0,21.0,0.0,0.0,-21.0,-21.0
126,1.26,21.5,21.5,0.0,0.0,-21.0,-21.0
127,1.27,21.5,21.5,0.0,0.0,-21.0,-21.0
128,1.28,21.5,21.5,0.0,0.0,-21.0,-21.0
129,1.29,21.5,21.5,0.0,0.0,-20.5,-20.5
130,1.3,22.0,22.0,0.0,0.0,-20.5,-20.5
131,1.31,22.0,22.0,0.0,0.0,-20.5,-20.5
132,1.32,22.0,22.0,0.0,0.0,-20.5,-20.5
133,1.33,22.5,22.5,0.0,0.0,-20.0,-20.0
134,1.34,22.5,22.5,0.0,0.0,-20.0,-20.0
135,1.35,22.5,22.5,0.0,0.0,-20.0,-20.0
136,1.36,22.5,22.5,0.0,0.0,-19.5,-19.5
137,1.37,23.0,23.0,0.0,0.0,-19.5,-19.5
138,1.3800000000000001,23.0,23.0,0.0,0.0,-19.5,-19.5
139,1.3900000000000001,23.0,23.0,0.0,0.0,-19.5,-19.5
140,1.4000000000000001,23.0,23.0,0.0,0.0,-19.0,-19.0
141,1.41,23.0,23.0,0.0,0.0,-19.0,-19.0
142,1.42,23.5,23.5,0.0,0.0,-19.0,-19.0
143,1.43,23.5,23.5,0.0,0.0,-18.5,-18.5
144,1.44,23.5,23.5,0.0,0.0,-18.5,-18.5
145,1.45,23.5,23.5,0.0,0.0,-18.5,-18.5
146,1.46,24.0,24.0,0.0,0.0,-18.0,-18.0
147,1.47,24.0,24.0,0.0,0.0,-18.0,-18.0
148,1.48,24.0,24.0,0.0,0.0,-18.0,-18.0
149,1.49,24.0,24.0,0.0,0.0,-18.0,-18.0
150,1.5,24.5,24.5,0.0,0.0,-17.5,-17.5
151,1.51,24.5,24.5,0.0,0.0,-17.5,-17.5
152,1.52,24.5,24.5,0.0,0.0,-17.5,-17.5
153,1.53,24.5,24.5,0.0,0.0,-17.0,-17.0
154,1.54,24.5,24.5,0.0,0.0,-17.0,-17.0
155,1.55,25.0,25.0,0.0,0.0,-17.0,-17.0
156,1.56,25.0,25.0,0.0,0.0,-16.5,-16.5
157,1.57,25.0,25.0,0.0,0.0,-16.5,-16.5
158,1.58,25.0,25.0,0.0,0.0,-16.5,-16.5
159,1.59,25.0,25.0,0.0,0.0,-16.0,-16.0
160,1.6,25.5,25.5,0.0,0.0,-16.0,-16.0
161,1.61,25.5,25.5,0.0,0.0,-16.0,-16.0
162,1.62,25.5,25.5,0.0,0.0,-16.0,-16.0
163,1.6300000000000001,25.5,25.5,0.0,0.0,-15.5,-15.5
164,1.6400000000000001,25.5,25.5,0.0,0.0,-15.5,-15.5
165,1.6500000000000001,26.0,26.0,0.0,0.0,-15.5,-15.5
166,1.6600000000000001,26.0,26.0,0.0,0.0,-15.0,-15.0
167,1.67,26.0,26.0,0.0,0.0,-15.0,-15.0
168,1.68,26.0,26.0,0.0,0.0,-15.0,-15.0
169,1.69,26.0,26.0,0.0,0.0,-14.5,-14.5
170,1.7,26.5,26.5,0.0,0.0,-14.5,-14.5
171,1.71,26.5,26.5,0.0,0.0,-14.5,-14.5
172,1.72,26.5,26.5,0.0,0.0,-14.0,-14.0
173,1.73,26.5,26.5,0.0,0.0,-14.0,-14.0
174,1.74,26.5,26.5,0.0,0.0,-14.0,-14.0
175,1.75,26.5,26.5,0.0,0.0,-13.5,-13.5
176,1.76,27.0,27.0,0.0,0.0,-13.5,-13.5
177,1.77,27.0,27.0,0.0,0.0,-13.5,-13.5
178,1.78,27.0,27.0,0.0,0.0,-13.0,-13.0
179,1.79,27.0,27.0,0.0,0.0,-13.0,-13.0
180,1.8,27.0,27.0,0.0,0.0,-13.0,-13.0
181,1.81,27.0,27.0,0.0,0.0,-12.5,-12.5
182,1.82,27.5,27.5,0.0,0.0,-12.5,-12.5
183,1.83,27.5,27.5,0.0,0.0,-12.5,-12.5
184,1.84,27.5,27.5,0.0,0.0,-12.0,-12.0
185,1.85,27.5,27.5,0.0,0.0,-12.0,-12.0
186,1.86,27.5,27.5,0.0,0.0,-11.5,-11.5
187,1.87,27.5,27.5,0.0,0.0,-11.5,-11.5
188,1.8800000000000001,28.0,28.0,0.0,0.0,-11.5,-11.5
189,1.8900000000000001,28.0,28.0,0.0,0.0,-11.0,-11.0
190,1.9000000000000001,28.0,28.0,0.0,0.0,-11.0,-11.0
191,1.9100000000000001,28.0,28.0,0.0,0.0,-11.0,-11.0
192,1.92,28.0,28.0,0.0,0.0,-10.5,-10.5
193,1.93,28.0,28.0,0.0,0.0,-10.5,-10.5
194,1.94,28.0,28.0,0.0,0.0,-10.5,-10.5
195,1.95,28.0,28.0,0.0,0.0,-10.0,-10.0
196,1.96,28.5,28.5,0.0,0.0,-10.0,-10.0
197,1.97,28.5,28.5,0.0,0.0,-10.0,-10.0
198,1.98,28.5,28.5,0.0,0.0,-9.5,-9.5
199,1.99,28.5,28.5,0.0,0.0,-9.5,-9.5
200,2.0,28.5,28.5,0.0,0.0,-9.5,-9.5
201,2.0100000000000002,28.5,28.5,0.0,0.0,-9.0,-9.0
202,2.02,28.5,28.5,0.0,0.0,-9.0,-9.0
203,2.0300000000000002,28.5,28.5,0.0,0.0,-8.5,-8.5
204,2.04,29.0,29.0,0.0,0.0,-8.5,-8.5
205,2.05,29.0,29.0,0.0,0.0,-8.5,-8.5
206,2.06,29.0,29.0,0.0,0.0,-8.0,-8.0
207,2.07,29.0,29.0,0.0,0.0,-8.0,-8.0
208,2.08,29.0,29.0,0.0,0.0,-8.0,-8.0
209,2.09,29.0,29.0,0.0,0.0,-7.5,-7.5
210,2.1,29.0,29.0,0.0,0.0,-7.5,-7.5
211,2.11,29.0,29.0,0.0,0.0,-7.5,-7.5
212,2.12,29.0,29.0,0.0,0.0,-7.0,-7.0
213,2.13,29.0,29.0,0.0,0.0,-7.0,-7.0
214,2.14,29.0,29.0,0.0,0.0,-6.5,-6.5
215,2.15,29.5,29.5,0.0,0.0,-6.5,-6.5
216,2.16,29.5,29.5,0.0,0.0,-6.5,-6.5
217,2.17,29.5,29.5,0.0,0.0,-6.0,-6.0
218,2.18,29.5,29.5,0.0,0.0,-6.0,-6.0
219,2.19,29.5,29.5,0.0,0.0,-6.0,-6.0
220,2.2,29.5,29.5,0.0,0.0,-5.5,-5.5
221,2.21,29.5,29.5,0.0,0.0,-5.5,-5.5
222,2.22,29.5,29.5,0.0,0.0,-5.5,-5.5
223,2.23,29.5,29.5,0.0,0.0,-5.0,-5.0
224,2.24,29.5,29.5,0.0,0.0,-5.0,-5.0
225,2.25,29.5,29.5,0.0,0.0,-4.5,-4.5
226,2.2600000000000002,29.5,29.5,0.0,0.0,-4.5,-4.5
227,2.27,29.5,29.5,0.0,0.0,-4.5,-4.5
228,2.2800000000000002,29.5,29.5,0.0,0.0,-4.0,-4.0
229,2.29,29.5,29.5,0.0,0.0,-4.0,-4.0
230,2.3000000000000003,30.0,30.0,0.0,0.0,-4.0,-4.0
231,2.31,30.0,30.0,0.0,0.0,-3.5,-3.5
232,2.32,30.0,30.0,0.0,0.0,-3.5,-3.5
233,2.33,30.0,30.0,0.0,0.0,-3.0,-3.0
234,2.34,30.0,30.0,0.0,0.0,-3.0,-3.0
235,2.35,30.0,30.0,0.0,0.0,-3.0,-3.0
236,2.36,30.0,30.0,0.0,0.0,-2.5,-2.5
237,2.37,30.0,30.0,0.0,0.0,-2.5,-2.5
238,2.38,30.0,30.0,0.0,0.0,-2.5,-2.5
239,2.39,30.0,30.0,0.0,0.0,-2.0,-2.0
240,2.4,30.0,30.0,0.0,0.0,-2.0,-2.0
241,2.41,30.0,30.0,0.0,0.0,-1.5,-1.5
242,2.42,30.0,30.0,0.0,0.0,-1.5,-1.5
243,2.43,30.0,30.0,0.0,0.0,-1.5,-1.5
244,2.44,30.0,30.0,0.0,0.0,-1.0,-1.0
245,2.45,30.0,30.0,0.0,0.0,-1.0,-1.0
246,2.46,30.0,30.0,0.0,0.0,-1.0,-1.0
247,2.47,30.0,30.0,0.0,0.0,-0.5,-0.5
248,2.48,30.0,30.0,0.0,0.0,-0.5,-0.5
249,2.49,30.0,30.0,0.0,0.0,-0.0,-0.0
250,2.5,30.0,30.0,0.0,0.0,-0.0,-0.0
251,2.5100000000000002,30.0,30.0,0.0,0.0,0.0,0.0
252,2.52,30.0,30.0,0.0,0.0,0.5,0.5
253,2.5300000000000002,30.0,30.0,0.0,0.0,0.5,0.5
254,2.54,30.0,30.0,0.0,0.0,1.0,1.0
255,2.5500000000000003,30.0,30.0,0.0,0.0,1.0,1.0
256,2.56,30.0,30.0,0.0,0.0,1.0,1.0
257,2.57,30.0,30.0,0.0,0.0,1.5,1.5
258,2.58,30.0,30.0,0.0,0.0,1.5,1.5
259,2.59,30.0,30.0,0.0,0.0,1.5,1.5
260,2.6,30.0,30.0,0.0,0.0,2.0,2.0
261,2.61,30.0,30.0,0.0,0.0,2.0,2.0
262,2.62,30.0,30.0,0.0,0.0,2.5,2.5
263,2.63,30.0,30.0,0.0,0.0,2.5,2.5
264,2.64,30.0,30.0,0.0,0.0,2.5,2.5
265,2.65,30.0,30.0,0.0,0.0,3.0,3.0
266,2.66,30.0,30.0,0.0,0.0,3.0,3.0
267,2.67,30.0,30.0,0.0,0.0,3.0,3.0
268,2.68,30.0,30.0,0.0,0.0,3.5,3.5
269,2.69,30.0,30.0,0.0,0.0,3.5,3.5
270,2.7,30.0,30.0,0.0,0.0,4.0,4.0
271,2.71,29.5,29.5,0.0,0.0,4.0,4.0
272,2.72,29.5,29.5,0.0,0.0,4.0,4.0
273,2.73,29.5,29.5,0.0,0.0,4.5,4.5
274,2.74,29.5,29.5,0.0,0.0,4.5,4.5
275,2.75,29.5,29.5,0.0,0.0,4.5,4.5
276,2.7600000000000002,29.5,29.5,0.0,0.0,5.0,5.0
277,2.77,29.5,29.5,0.0,0.0,5.0,5.0
278,2.7800000000000002,29.5,29.5,0.0,0.0,5.5,5.5
279,2.79,29.5,29.5,0.0,0.0,5.5,5.5
280,2.8000000000000003,29.5,29.5,0.0,0.0,5.5,5.5
281,2.81,29.5,29.5,0.0,0.0,6.0,6.0
282,2.82,29.5,29.5,0.0,0.0,6.0,6.0
283,2.83,29.5,29.5,0.0,0.0,6.0,6.0
284,2.84,29.5,29.5,0.0,0.0,6.5,6.5
285,2.85,29.5,29.5,0.0,0.0,6.5,6.5
286,2.86,29.0,29.0,0.0,0.0,6.5,6.5
287,2.87,29.0,29.0,0.0,0.0,7.0,7.0
288,2.88,29.0,29.0,0.0,0.0,7.0,7.0
289,2.89,29.0,29.0,0.0,0.0,7.5,7.5
290,2.9,29.0,29.0,0.0,0.0,7.5,7.5
291,2.91,29.0,29.0,0.0,0.0,7.5,7.5
292,2.92,29.0,29.0,0.0,0.0,8.0,8.0
293,2.93,29.0,29.0,0.0,0.0,8.0,8.0
294,2.94,29.0,29.0,0.0,0.0,8.0,8.0
295,2.95,29.0,29.0,0.0,0.0,8.5,8.5
296,2.96,29.0,29.0,0.0,0.0,8.5,8.5
297,2.97,28.5,28.5,0.0,0.0,8.5,8.5
298,2.98,28.5,28.5,0.0,0.0,9.0,9.0
299,2.99,28.5,28.5,0.0,0.0,9.0,9.0
300,3.0,28.5,28.5,0.0,0.0,9.5,9.5
301,3.0100000000000002,28.5,28.5,0.0,0.0,9.5,9.5
302,3.02,28.5,28.5,0.0,0.0,9.5,9.5
303,3.0300000000000002,28.5,28.5,0.0,0.0,10.0,10.0
304,3.04,28.5,28.5,0.0,0.0,10.0,10.0
305,3.0500000000000003,28.0,28.0,0.0,0.0,10.0,10.0
306,3.06,28.0,28.0,0.0,0.0,10.5,10.5
307,3.0700000000000003,28.0,28.0,0.0,0.0,10.5,10.5
308,3.08,28.0,28.0,0.0,0.0,10.5,10.5
309,3.09,28.0,28.0,0.0,0.0,11.0,11.0
310,3.1,28.0,28.0,0.0,0.0,11.0,11.0
311,3.11,28.0,28.0,0.0,0.0,11.0,11.0
312,3.12,28.0,28.0,0.0,0.0,11.5,11.5
313,3.13,27.5,27.5,0.0,0.0,11.5,11.5
314,3.14,27.5,27.5,0.0,0.0,11.5,11.5
315,3.15,27.5,27.5,0.0,0.0,12.0,12.0
316,3.16,27.5,27.5,0.0,0.0,12.0,12.0
317,3.17,27.5,27.5,0.0,0.0,12.5,12.5
318,3.18,27.5,27.5,0.0,0.0,12.5,12.5
319,3.19,27.0,27.0,0.0,0.0,12.5,12.5
320,3.2,27.0,27.0,0.0,0.0,13.0,13.0
321,3.21,27.0,27.0,0.0,0.0,13.0,13.0
322,3.22,27.0,27.0,0.0,0.0,13.0,13.0
323,3.23,27.0,27.0,0.0,0.0,13.5,13.5
324,3.24,27.0,27.0,0.0,0.0,13.5,13.5
325,3.25,26.5,26.5,0.0,0.0,13.5,13.5
326,3.2600000000000002,26.5,26.5,0.0,0.0,14.0,14.0
327,3.27,26.5,26.5,0.0,0.0,14.0,14.0
328,3.2800000000000002,26.5,26.5,0.0,0.0,14.0,14.0
329,3.29,26.5,26.5,0.0,0.0,14.5,14.5
330,3.3000000000000003,26.5,26.5,0.0,0.0,14.5,14.5
331,3.31,26.0,26.0,0.0,0.0,14.5,14.5
332,3.3200000000000003,26.0,26.0,0.0,0.0,15.0,15.0
333,3.33,26.0,26.0,0.0,0.0,15.0,15.0
334,3.34,26.0,26.0,0.0,0.0,15.0,15.0
335,3.35,26.0,26.0,0.0,0.0,15.5,15.5
336,3.36,25.5,25.5,0.0,0.0,15.5,15.5
337,3.37,25.5,25.5,0.0,0.0,15.5,15.5
338,3.38,25.5,25.5,0.0,0.0,16.0,16.0
339,3.39,25.5,25.5,0.0,0.0,16.0,16.0
340,3.4,25.5,25.5,0.0,0.0,16.0,16.0
341,3.41,25.0,25.0,0.0,0.0,16.0,16.0
342,3.42,25.0,25.0,0.0,0.0,16.5,16.5
343,3.43,25.0,25.0,0.0,0.0,16.5,16.5
344,3.44,25.0,25.0,0.0,0.0,16.5,16.5
345,3.45,25.0,25.0,0.0,0.0,17.0,17.0
346,3.46,24.5,24.5,0.0,0.0,17.0,17.0
347,3.47,24.5,24.5,0.0,0.0,17.0,17.0
348,3.48,24.5,24.5,0.0,0.0,17.5,17.5
349,3.49,24.5,24.5,0.0,0.0,17.5,17.5
350,3.5,24.5,24.5,0.0,0.0,17.5,17.5
351,3.5100000000000002,24.0,24.0,0.0,0.0,18.0,18.0
352,3.52,24.0,24.0,0.0,0.0,18.0,18.0
353,3.5300000000000002,24.0,24.0,0.0,0.0,18.0,18.0
354,3.54,24.0,24.0,0.0,0.0,18.0,18.0
355,3.5500000000000003,23.5,23.5,0.0,0.0,18.5,18.5
356,3.56,23.5,23.5,0.0,0.0,18.5,18.5
357,3.5700000000000003,23.5,23.5,0.0,0.0,18.5,18.5
358,3.58,23.5,23.5,0.0,0.0,19.0,19.0
359,3.59,23.0,23.0,0.0,0.0,19.0,19.0
360,3.6,23.0,23.0,0.0,0.0,19.0,19.0
361,3.61,23.0,23.0,0.0,0.0,19.5,19.5
362,3.62,23.0,23.0,0.0,0.0,19.5,19.5
363,3.63,23.0,23.0,0.0,0.0,19.5,19.5
364,3.64,22.5,22.5,0.0,0.0,19.5,19.5
365,3.65,22.5,22.5,0.0,0.0,20.0,20.0
366,3.66,22.5,22.5,0.0,0.0,20.0,20.0
367,3.67,22.5,22.5,0.0,0.0,20.0,20.0
368,3.68,22.0,22.0,0.0,0.0,20.5,20.5
369,3.69,22.0,22.0,0.0,0.0,20.5,20.5
370,3.7,22.0,22.0,0.0,0.0,20.5,20.5
371,3.71,21.5,21.5,0.0,0.0,20.5,20.5
372,3.72,21.5,21.5,0.0,0.0,21.0,21.0
373,3.73,21.5,21.5,0.0,0.0,21.0,21.0
374,3.74,21.5,21.5,0.0,0.0,21.0,21.0
375,3.75,21.0,21.0,0.0,0.0,21.0,21.0
376,3.7600000000000002,21.0,21.0,0.0,0.0,21.5,21.5
377,3.77,21.0,21.0,0.0,0.0,21.5,21.5
378,3.7800000000000002,21.0,21.0,0.0,0.0,21.5,21.5
379,3.79,20.5,20.5,0.0,0.0,21.5,21.5
380,3.8000000000000003,20.5,20.5,0.0,0.0,22.0,22.0
381,3.81,20.5,20.5,0.0,0.0,22.0,22.0
382,3.8200000000000003,20.5,20.5,0.0,0.0,22.0,22.0
383,3.83,20.0,20.0,0.0,0.0,22.5,22.5
384,3.84,20.0,20.0,0.0,0.0,22.5,22.5
385,3.85,20.0,20.0,0.0,0.0,22.5,22.5
386,3.86,19.5,19.5,0.0,0.0,22.5,22.5
387,3.87,19.5,19.5,0.0,0.0,23.0,23.0
388,3.88,19.5,19.5,0.0,0.0,23.0,23.0
389,3.89,19.5,19.5,0.0,0.0,23.0,23.0
390,3.9,19.0,19.0,0.0,0.0,23.0,23.0
391,3.91,19.0,19.0,0.0,0.0,23.0,23.0
392,3.92,19.0,19.0,0.0,0.0,23.5,23.5
393,3.93,18.5,18.5,0.0,0.0,23.5,23.5
394,3.94,18.5,18.5,0.0,0.0,23.5,23.5
395,3.95,18.5,18.5,0.0,0.0,23.5,23.5
396,3.96,18.0,18.0,0.0,0.0,24.0,24.0
397,3.97,18.0,18.0,0.0,0.0,24.0,24.0
398,3.98,18.0,18.0,0.0,0.0,24.0,24.0
399,3.99,18.0,18.0,0.0,0.0,24.0,24.0
400,4.0,17.5,17.5,0.0,0.0,24.5,24.5
401,4.01,17.5,17.5,0.0,0.0,24.5,24.5
402,4.0200000000000005,17.5,17.5,0.0,0.0,24.5,24.5
403,4.03,17.0,17.0,0.0,0.0,24.5,24.5
404,4.04,17.0,17.0,0.0,0.0,24.5,24.5
405,4.05,17.0,17.0,0.0,0.0,25.0,25.0
406,4.0600000000000005,16.5,16.5,0.0,0.0,25.0,25.0
407,4.07,16.5,16.5,0.0,0.0,25.0,25.0
408,4.08,16.5,16.5,0.0,0.0,25.0,25.0
409,4.09,16.0,16.0,0.0,0.0,25.0,25.0
410,4.1,16.0,16.0,0.0,0.0,25.5,25.5
411,4.11,16.0,16.0,0.0,0.0,25.5,25.5
412,4.12,16.0,16.0,0.0,0.0,25.5,25.5
413,4.13,15.5,15.5,0.0,0.0,25.5,25.5
414,4.14,15.5,15.5,0.0,0.0,25.5,25.5
415,4.15,15.5,15.5,0.0,0.0,26.0,26.0
416,4.16,15.0,15.0,0.0,0.0,26.0,26.0
417,4.17,15.0,15.0,0.0,0.0,26.0,26.0
418,4.18,15.0,15.0,0.0,0.0,26.0,26.0
419,4.19,14.5,14.5,0.0,0.0,26.0,26.0
420,4.2,14.5,14.5,0.0,0.0,26.5,26.5
421,4.21,14.5,14.5,0.0,0.0,26.5,26.5
422,4.22,14.0,14.0,0.0,0.0,26.5,26.5
423,4.23,14.0,14.0,0.0,0.0,26.5,26.5
424,4.24,14.0,14.0,0.0,0.0,26.5,26.5
425,4.25,13.5,13.5,0.0,0.0,26.5,26.5
426,4.26,13.5,13.5,0.0,0.0,27.0,27.0
427,4.2700000000000005,13.5,13.5,0.0,0.0,27.0,27.0
428,4.28,13.0,13.0,0.0,0.0,27.0,27.0
429,4.29,13.0,13.0,0.0,0.0,27.0,27.0
430,4.3,13.0,13.0,0.0,0.0,27.0,27.0
431,4.3100000000000005,12.5,12.5,0.0,0.0,27.0,27.0
432,4.32,12.5,12.5,0.0,0.0,27.5,27.5
433,4.33,12.5,12.5,0.0,0.0,27.5,27.5
434,4.34,12.0,12.0,0.0,0.0,27.5,27.5
435,4.3500000000000005,12.0,12.0,0.0,0.0,27.5,27.5
436,4.36,11.5,11.5,0.0,0.0,27.5,27.5
437,4.37,11.5,11.5,0.0,0.0,27.5,27.5
438,4.38,11.5,11.5,0.0,0.0,28.0,28.0
439,4.39,11.0,11.0,0.0,0.0,28.0,28.0
440,4.4,11.0,11.0,0.0,0.0,28.0,28.0
441,4.41,11.0,11.0,0.0,0.0,28.0,28.0
442,4.42,10.5,10.5,0.0,0.0,28.0,28.0
443,4.43,10.5,10.5,0.0,0.0,28.0,28.0
444,4.44,10.5,10.5,0.0,0.0,28.0,28.0
445,4.45,10.0,10.0,0.0,0.0,28.0,28.0
446,4.46,10.0,10.0,0.0,0.0,28.5,28.5
447,4.47,10.0,10.0,0.0,0.0,28.5,28.5
448,4.48,9.5,9.5,0.0,0.0,28.5,28.5
449,4.49,9.5,9.5,0.0,0.0,28.5,28.5
450,4.5,9.5,9.5,0.0,0.0,28.5,28.5
451,4.51,9.0,9.0,0.0,0.0,28.5,28.5
452,4.5200000000000005,9.0,9.0,0.0,0.0,28.5,28.5
453,4.53,8.5,8.5,0.0,0.0,28.5,28.5
454,4.54,8.5,8.5,0.0,0.0,29.0,29.0
455,4.55,8.5,8.5,0.0,0.0,29.0,29.0
456,4.5600000000000005,8.0,8.0,0.0,0.0,29.0,29.0
457,4.57,8.0,8.0,0.0,0.0,29.0,29.0
458,4.58,8.0,8.0,0.0,0.0,29.0,29.0
459,4.59,7.5,7.5,0.0,0.0,29.0,29.0
460,4.6000000000000005,7.5,7.5,0.0,0.0,29.0,29.0
461,4.61,7.5,7.5,0.0,0.0,29.0,29.0
462,4.62,7.0,7.0,0.0,0.0,29.0,29.0
463,4.63,7.0,7.0,0.0,0.0,29.0,29.0
464,4.64,6.5,6.5,0.0,0.0,29.0,29.0
465,4.65,6.5,6.5,0.0,0.0,29.5,29.5
466,4.66,6.5,6.5,0.0,0.0,29.5,29.5
467,4.67,6.0,6.0,0.0,0.0,29.5,29.5
468,4.68,6.0,6.0,0.0,0.0,29.5,29.5
469,4.69,6.0,6.0,0.0,0.0,29.5,29.5
470,4.7,5.5,5.5,0.0,0.0,29.5,29.5
471,4.71,5.5,5.5,0.0,0.0,29.5,29.5
472,4.72,5.5,5.5,0.0,0.0,29.5,29.5
473,4.73,5.0,5.0,0.0,0.0,29.5,29.5
474,4.74,5.0,5.0,0.0,0.0,29.5,29.5
475,4.75,4.5,4.5,0.0,0.0,29.5,29.5
476,4.76,4.5,4.5,0.0,0.0,29.5,29.5
477,4.7700000000000005,4.5,4.5,0.0,0.0,29.5,29.5
478,4.78,4.0,4.0,0.0,0.0,29.5,29.5
479,4.79,4.0,4.0,0.0,0.0,29.5,29.5
480,4.8,4.0,4.0,0.0,0.0,30.0,30.0
481,4.8100000000000005,3.5,3.5,0.0,0.0,30.0,30.0
482,4.82,3.5,3.5,0.0,0.0,30.0,30.0
483,4.83,3.0,3.0,0.0,0.0,30.0,30.0
484,4.84,3.0,3.0,0.0,0.0,30.0,30.0
485,4.8500000000000005,3.0,3.0,0.0,0.0,30.0,30.0
486,4.86,2.5,2.5,0.0,0.0,30.0,30.0
487,4.87,2.5,2.5,0.0,0.0,30.0,30.0
488,4.88,2.5,2.5,0.0,0.0,30.0,30.0
489,4.89,2.0,2.0,0.0,0.0,30.0,30.0
490,4.9,2.0,2.0,0.0,0.0,30.0,30.0
491,4.91,1.5,1.5,0.0,0.0,30.0,30.0
492,4.92,1.5,1.5,0.0,0.0,30.0,30.0
493,4.93,1.5,1.5,0.0,0.0,30.0,30.0
494,4.94,1.0,1.0,0.0,0.0,30.0,30.0
495,4.95,1.0,1.0,0.0,0.0,30.0,30.0
496,4.96,1.0,1.0,0.0,0.0,30.0,30.0
497,4.97,0.5,0.5,0.0,0.0,30.0,30.0
498,4.98,0.5,0.5,0.0,0.0,30.0,30.0
499,4.99,0.0,0.0,0.0,0.0,30.0,30.0
500,5.0,0.0,0.0,0.0,0.0,30.0,30.0
501,5.01,-0.0,-0.0,-0.0,-0.0,30.0,30.0
502,5.0200000000000005,-0.5,-0.5,-0.0,-0.0,30.0,30.0
503,5.03,-0.5,-0.5,-0.0,-0.0,30.0,30.0
504,5.04,-1.0,-1.0,-0.0,-0.0,30.0,30.0
505,5.05,-1.0,-1.0,-0.0,-0.0,30.0,30.0
506,5.0600000000000005,-1.0,-1.0,-0.0,-0.0,30.0,30.0
507,5.07,-1.5,-1.5,-0.0,-0.0,30.0,30.0
508,5.08,-1.5,-1.5,-0.0,-0.0,30.0,30.0
509,5.09,-1.5,-1.5,-0.0,-0.0,30.0,30.0
510,5.1000000000000005,-2.0,-2.0,-0.0,-0.0,30.0,30.0
511,5.11,-2.0,-2.0,-0.0,-0.0,30.0,30.0
512,5.12,-2.5,-2.5,-0.0,-0.0,30.0,30.0
513,5.13,-2.5,-2.5,-0.0,-0.0,30.0,30.0
514,5.14,-2.5,-2.5,-0.0,-0.0,30.0,30.0
515,5.15,-3.0,-3.0,-0.0,-0.0,30.0,30.0
516,5.16,-3.0,-3.0,-0.0,-0.0,30.0,30.0
517,5.17,-3.0,-3.0,-0.0,-0.0,30.0,30.0
518,5.18,-3.5,-3.5,-0.0,-0.0,30.0,30.0
519,5.19,-3.5,-3.5,-0.0,-0.0,30.0,30.0
520,5.2,-4.0,-4.0,-0.0,-0.0,30.0,30.0
521,5.21,-4.0,-4.0,-0.0,-0.0,29.5,29.5
522,5.22,-4.0,-4.0,-0.0,-0.0,29.5,29.5
523,5.23,-4.5,-4.5,-0.0,-0.0,29.5,29.5
524,5.24,-4.5,-4.5,-0.0,-0.0,29.5,29.5
525,5.25,-4.5,-4.5,-0.0,-0.0,29.5,29.5
526,5.26,-5.0,-5.0,-0.0,-0.0,29.5,29.5
527,5.2700000000000005,-5.0,-5.0,-0.0,-0.0,29.5,29.5
528,5.28,-5.5,-5.5,-0.0,-0.0,29.5,29.5
529,5.29,-5.5,-5.5,-0.0,-0.0,29.5,29.5
530,5.3,-5.5,-5.5,-0.0,-0.0,29.5,29.5
531,5.3100000000000005,-6.0,-6.0,-0.0,-0.0,29.5,29.5
532,5.32,-6.0,-6.0,-0.0,-0.0,29.5,29.5
533,5.33,-6.0,-6.0,-0.0,-0.0,29.5,29.5
534,5.34,-6.5,-6.5,-0.0,-0.0,29.5,29.5
535,5.3500000000000005,-6.5,-6.5,-0.0,-0.0,29.5,29.5
536,5.36,-6.5,-6.5,-0.0,-0.0,29.0,29.0
537,5.37,-7.0,-7.0,-0.0,-0.0,29.0,29.0
538,5.38,-7.0,-7.0,-0.0,-0.0,29.0,29.0
539,5.39,-7.5,-7.5,-0.0,-0.0,29.0,29.0
540,5.4,-7.5,-7.5,-0.0,-0.0,29.0,29.0
541,5.41,-7.5,-7.5,-0.0,-0.0,29.0,29.0
542,5.42,-8.0,-8.0,-0.0,-0.0,29.0,29.0
543,5.43,-8.0,-8.0,-0.0,-0.0,29.0,29.0
544,5.44,-8.0,-8.0,-0.0,-0.0,29.0,29.0
545,5.45,-8.5,-8.5,-0.0,-0.0,29.0,29.0
546,5.46,-8.5,-8.5,-0.0,-0.0,29.0,29.0
547,5.47,-8.5,-8.5,-0.0,-0.0,28.5,28.5
548,5.48,-9.0,-9.0,-0.0,-0.0,28.5,28.5
549,5.49,-9.0,-9.0,-0.0,-0.0,28.5,28.5
550,5.5,-9.5,-9.5,-0.0,-0.0,28.5,28.5
551,5.51,-9.5,-9.5,-0.0,-0.0,28.5,28.5
552,5.5200000000000005,-9.5,-9.5,-0.0,-0.0,28.5,28.5
553,5.53,-10.0,-10.0,-0.0,-0.0,28.5,28.5
554,5.54,-10.0,-10.0,-0.0,-0.0,28.5,28.5
555,5.55,-10.0,-10.0,-0.0,-0.0,28.0,28.0
556,5.5600000000000005,-10.5,-10.5,-0.0,-0.0,28.0,28.0
557,5.57,-10.5,-10.5,-0.0,-0.0,28.0,28.0
558,5.58,-10.5,-10.5,-0.0,-0.0,28.0,28.0
559,5.59,-11.0,-11.0,-0.0,-0.0,28.0,28.0
560,5.6000000000000005,-11.0,-11.0,-0.0,-0.0,28.0,28.0
561,5.61,-11.0,-11.0,-0.0,-0.0,28.0,28.0
562,5.62,-11.5,-11.5,-0.0,-0.0,28.0,28.0
563,5.63,-11.5,-11.5,-0.0,-0.0,27.5,27.5
564,5.64,-11.5,-11.5,-0.0,-0.0,27.5,27.5
565,5.65,-12.0,-12.0,-0.0,-0.0,27.5,27.5
566,5.66,-12.0,-12.0,-0.0,-0.0,27.5,27.5
567,5.67,-12.5,-12.5,-0.0,-0.0,27.5,27.5
568,5.68,-12.5,-12.5,-0.0,-0.0,27.5,27.5
569,5.69,-12.5,-12.5,-0.0,-0.0,27.0,27.0
570,5.7,-13.0,-13.0,-0.0,-0.0,27.0,27.0
571,5.71,-13.0,-13.0,-0.0,-0.0,27.0,27.0
572,5.72,-13.0,-13.0,-0.0,-0.0,27.0,27.0
573,5.73,-13.5,-13.5,-0.0,-0.0,27.0,27.0
574,5.74,-13.5,-13.5,-0.0,-0.0,27.0,27.0
575,5.75,-13.5,-13.5,-0.0,-0.0,26.5,26.5
576,5.76,-14.0,-14.0,-0.0,-0.0,26.5,26.5
577,5.7700000000000005,-14.0,-14.0,-0.0,-0.0,26.5,26.5
578,5.78,-14.0,-14.0,-0.0,-0.0,26.5,26.5
579,5.79,-14.5,-14.5,-0.0,-0.0,26.5,26.5
580,5.8,-14.5,-14.5,-0.0,-0.0,26.5,26.5
581,5.8100000000000005,-14.5,-14.5,-0.0,-0.0,26.0,26.0
582,5.82,-15.0,-15.0,-0.0,-0.0,26.0,26.0
583,5.83,-15.0,-15.0,-0.0,-0.0,26.0,26.0
584,5.84,-15.0,-15.0,-0.0,-0.0,26.0,26.0
585,5.8500000000000005,-15.5,-15.5,-0.0,-0.0,26.0,26.0
586,5.86,-15.5,-15.5,-0.0,-0.0,25.5,25.5
587,5.87,-15.5,-15.5,-0.0,-0.0,25.5,25.5
588,5.88,-16.0,-16.0,-0.0,-0.0,25.5,25.5
589,5.89,-16.0,-16.0,-0.0,-0.0,25.5,25.5
590,5.9,-16.0,-16.0,-0.0,-0.0,25.5,25.5
591,5.91,-16.0,-16.0,-0.0,-0.0,25.0,25.0
592,5.92,-16.5,-16.5,-0.0,-0.0,25.0,25.0
593,5.93,-16.5,-16.5,-0.0,-0.0,25.0,25.0
594,5.94,-16.5,-16.5,-0.0,-0.0,25.0,25.0
595,5.95,-17.0,-17.0,-0.0,-0.0,25.0,25.0
596,5.96,-17.0,-17.0,-0.0,-0.0,24.5,24.5
597,5.97,-17.0,-17.0,-0.0,-0.0,24.5,24.5
598,5.98,-17.5,-17.5,-0.0,-0.0,24.5,24.5
599,5.99,-17.5,-17.5,-0.0,-0.0,24.5,24.5
600,6.0,-17.5,-17.5,-0.0,-0.0,24.5,24.5
601,6.01,-18.0,-18.0,-0.0,-0.0,24.0,24.0
602,6.0200000000000005,-18.0,-18.0,-0.0,-0.0,24.0,24.0
603,6.03,-18.0,-18.0,-0.0,-0.0,24.0,24.0
604,6.04,-18.0,-18.0,-0.0,-0.0,24.0,24.0
605,6.05,-18.5,-18.5,-0.0,-0.0,23.5,23.5
606,6.0600000000000005,-18.5,-18.5,-0.0,-0.0,23.5,23.5
607,6.07,-18.5,-18.5,-0.0,-0.0,23.5,23.5
608,6.08,-19.0,-19.0,-0.0,-0.0,23.5,23.5
609,6.09,-19.0,-19.0,-0.0,-0.0,23.0,23.0
610,6.1000000000000005,-19.0,-19.0,-0.0,-0.0,23.0,23.0
611,6.11,-19.5,-19.5,-0.0,-0.0,23.0,23.0
612,6.12,-19.5,-19.5,-0.0,-0.0,23.0,23.0
613,6.13,-19.5,-19.5,-0.0,-0.0,23.0,23.0
614,6.140000000000001,-19.5,-19.5,-0.0,-0.0,22.5,22.5
615,6.15,-20.0,-20.0,-0.0,-0.0,22.5,22.5
616,6.16,-20.0,-20.0,-0.0,-0.0,22.5,22.5
617,6.17,-20.0,-20.0,-0.0,-0.0,22.5,22.5
618,6.18,-20.5,-20.5,-0.0,-0.0,22.0,22.0
619,6.19,-20.5,-20.5,-0.0,-0.0,22.0,22.0
620,6.2,-20.5,-20.5,-0.0,-0.0,22.0,22.0
621,6.21,-20.5,-20.5,-0.0,-0.0,21.5,21.5
622,6.22,-21.0,-21.0,-0.0,-0.0,21.5,21.5
623,6.23,-21.0,-21.0,-0.0,-0.0,21.5,21.5
624,6.24,-21.0,-21.0,-0.0,-0.0,21.5,21.5
625,6.25,-21.0,-21.0,-0.0,-0.0,21.0,21.0
626,6.26,-21.5,-21.5,-0.0,-0.0,21.0,21.0
627,6.2700000000000005,-21.5,-21.5,-0.0,-0.0,21.0,21.0
628,6.28,-21.5,-21.5,-0.0,-0.0,21.0,21.0
629,6.29,-21.5,-21.5,-0.0,-0.0,20.5,20.5
630,6.3,-22.0,-22.0,-0.0,-0.0,20.5,20.5
631,6.3100000000000005,-22.0,-22.0,-0.0,-0.0,20.5,20.5
632,6.32,-22.0,-22.0,-0.0,-0.0,20.5,20.5
633,6.33,-22.5,-22.5,-0.0,-0.0,20.0,20.0
634,6.34,-22.5,-22.5,-0.0,-0.0,20.0,20.0
635,6.3500000000000005,-22.5,-22.5,-0.0,-0.0,20.0,20.0
636,6.36,-22.5,-22.5,-0.0,-0.0,19.5,19.5
637,6.37,-23.0,-23.0,-0.0,-0.0,19.5,19.5
638,6.38,-23.0,-23.0,-0.0,-0.0,19.5,19.5
639,6.390000000000001,-23.0,-23.0,-0.0,-0.0,19.5,19.5
640,6.4,-23.0,-23.0,-0.0,-0.0,19.0,19.0
641,6.41,-23.0,-23.0,-0.0,-0.0,19.0,19.0
642,6.42,-23.5,-23.5,-0.0,-0.0,19.0,19.0
643,6.43,-23.5,-23.5,-0.0,-0.0,18.5,18.5
644,6.44,-23.5,-23.5,-0.0,-0.0,18.5,18.5
645,6.45,-23.5,-23.5,-0.0,-0.0,18.5,18.5
646,6.46,-24.0,-24.0,-0.0,-0.0,18.0,18.0
647,6.47,-24.0,-24.0,-0.0,-0.0,18.0,18.0
648,6.48,-24.0,-24.0,-0.0,-0.0,18.0,18.0
649,6.49,-24.0,-24.0,-0.0,-0.0,18.0,18.0
650,6.5,-24.5,-24.5,-0.0,-0.0,17.5,17.5
651,6.51,-24.5,-24.5,-0.0,-0.0,17.5,17.5
652,6.5200000000000005,-24.5,-24.5,-0.0,-0.0,17.5,17.5
653,6.53,-24.5,-24.5,-0.0,-0.0,17.0,17.0
654,6.54,-24.5,-24.5,-0.0,-0.0,17.0,17.0
655,6.55,-25.0,-25.0,-0.0,-0.0,17.0,17.0
656,6.5600000000000005,-25.0,-25.0,-0.0,-0.0,16.5,16.5
657,6.57,-25.0,-25.0,-0.0,-0.0,16.5,16.5
658,6.58,-25.0,-25.0,-0.0,-0.0,16.5,16.5
659,6.59,-25.0,-25.0,-0.0,-0.0,16.0,16.0
660,6.6000000000000005,-25.5,-25.5,-0.0,-0.0,16.0,16.0
661,6.61,-25.5,-25.5,-0.0,-0.0,16.0,16.0
662,6.62,-25.5,-25.5,-0.0,-0.0,16.0,16.0
663,6.63,-25.5,-25.5,-0.0,-0.0,15.5,15.5
664,6.640000000000001,-25.5,-25.5,-0.0,-0.0,15.5,15.5
665,6.65,-26.0,-26.0,-0.0,-0.0,15.5,15.5
666,6.66,-26.0,-26.0,-0.0,-0.0,15.0,15.0
667,6.67,-26.0,-26.0,-0.0,-0.0,15.0,15.0
668,6.68,-26.0,-26.0,-0.0,-0.0,15.0,15.0
669,6.69,-26.0,-26.0,-0.0,-0.0,14.5,14.5
670,6.7,-26.5,-26.5,-0.0,-0.0,14.5,14.5
671,6.71,-26.5,-26.5,-0.0,-0.0,14.5,14.5
672,6.72,-26.5,-26.5,-0.0,-0.0,14.0,14.0
673,6.73,-26.5,-26.5,-0.0,-0.0,14.0,14.0
674,6.74,-26.5,-26.5,-0.0,-0.0,14.0,14.0
675,6.75,-26.5,-26.5,-0.0,-0.0,13.5,13.5
676,6.76,-27.0,-27.0,-0.0,-0.0,13.5,13.5
677,6.7700000000000005,-27.0,-27.0,-0.0,-0.0,13.5,13.5
678,6.78,-27.0,-27.0,-0.0,-0.0,13.0,13.0
679,6.79,-27.0,-27.0,-0.0,-0.0,13.0,13.0
680,6.8,-27.0,-27.0,-0.0,-0.0,13.0,13.0
681,6.8100000000000005,-27.0,-27.0,-0.0,-0.0,12.5,12.5
682,6.82,-27.5,-27.5,-0.0,-0.0,12.5,12.5
683,6.83,-27.5,-27.5,-0.0,-0.0,12.5,12.5
684,6.84,-27.5,-27.5,-0.0,-0.0,12.0,12.0
685,6.8500000000000005,-27.5,-27.5,-0.0,-0.0,12.0,12.0
686,6.86,-27.5,-27.5,-0.0,-0.0,11.5,11.5
687,6.87,-27.5,-27.5,-0.0,-0.0,11.5,11.5
688,6.88,-28.0,-28.0,-0.0,-0.0,11.5,11.5
689,6.890000000000001,-28.0,-28.0,-0.0,-0.0,11.0,11.0
690,6.9,-28.0,-28.0,-0.0,-0.0,11.0,11.0
691,6.91,-28.0,-28.0,-0.0,-0.0,11.0,11.0
692,6.92,-28.0,-28.0,-0.0,-0.0,10.5,10.5
693,6.93,-28.0,-28.0,-0.0,-0.0,10.5,10.5
694,6.94,-28.0,-28.0,-0.0,-0.0,10.5,10.5
695,6.95,-28.0,-28.0,-0.0,-0.0,10.0,10.0
696,6.96,-28.5,-28.5,-0.0,-0.0,10.0,10.0
697,6.97,-28.5,-28.5,-0.0,-0.0,10.0,10.0
698,6.98,-28.5,-28.5,-0.0,-0.0,9.5,9.5
699,6.99,-28.5,-28.5,-0.0,-0.0,9.5,9.5
700,7.0,-28.5,-28.5,-0.0,-0.0,9.5,9.5
701,7.01,-28.5,-28.5,-0.0,-0.0,9.0,9.0
702,7.0200000000000005,-28.5,-28.5,-0.0,-0.0,9.0,9.0
703,7.03,-28.5,-28.5,-0.0,-0.0,8.5,8.5
704,7.04,-29.0,-29.0,-0.0,-0.0,8.5,8.5
705,7.05,-29.0,-29.0,-0.0,-0.0,8.5,8.5
706,7.0600000000000005,-29.0,-29.0,-0.0,-0.0,8.0,8.0
707,7.07,-29.0,-29.0,-0.0,-0.0,8.0,8.0
708,7.08,-29.0,-29.0,-0.0,-0.0,8.0,8.0
709,7.09,-29.0,-29.0,-0.0,-0.0,7.5,7.5
710,7.1000000000000005,-29.0,-29.0,-0.0,-0.0,7.5,7.5
711,7.11,-29.0,-29.0,-0.0,-0.0,7.5,7.5
712,7.12,-29.0,-29.0,-0.0,-0.0,7.0,7.0
713,7.13,-29.0,-29.0,-0.0,-0.0,7.0,7.0
714,7.140000000000001,-29.0,-29.0,-0.0,-0.0,6.5,6.5
715,7.15,-29.5,-29.5,-0.0,-0.0,6.5,6.5
716,7.16,-29.5,-29.5,-0.0,-0.0,6.5,6.5
717,7.17,-29.5,-29.5,-0.0,-0.0,6.0,6.0
718,7.18,-29.5,-29.5,-0.0,-0.0,6.0,6.0
719,7.19,-29.5,-29.5,-0.0,-0.0,6.0,6.0
720,7.2,-29.5,-29.5,-0.0,-0.0,5.5,5.5
721,7.21,-29.5,-29.5,-0.0,-0.0,5.5,5.5
722,7.22,-29.5,-29.5,-0.0,-0.0,5.5,5.5
723,7.23,-29.5,-29.5,-0.0,-0.0,5.0,5.0
724,7.24,-29.5,-29.5,-0.0,-0.0,5.0,5.0
725,7.25,-29.5,-29.5,-0.0,-0.0,4.5,4.5
726,7.26,-29.5,-29.5,-0.0,-0.0,4.5,4.5
727,7.2700000000000005,-29.5,-29.5,-0.0,-0.0,4.5,4.5
728,7.28,-29.5,-29.5,-0.0,-0.0,4.0,4.0
729,7.29,-29.5,-29.5,-0.0,-0.0,4.0,4.0
730,7.3,-30.0,-30.0,-0.0,-0.0,4.0,4.0
731,7.3100000000000005,-30.0,-30.0,-0.0,-0.0,3.5,3.5
732,7.32,-30.0,-30.0,-0.0,-0.0,3.5,3.5
733,7.33,-30.0,-30.0,-0.0,-0.0,3.0,3.0
734,7.34,-30.0,-30.0,-0.0,-0.0,3.0,3.0
735,7.3500000000000005,-30.0,-30.0,-0.0,-0.0,3.0,3.0
736,7.36,-30.0,-30.0,-0.0,-0.0,2.5,2.5
737,7.37,-30.0,-30.0,-0.0,-0.0,2.5,2.5
738,7.38,-30.0,-30.0,-0.0,-0.0,2.5,2.5
739,7.390000000000001,-30.0,-30.0,-0.0,-0.0,2.0,2.0
740,7.4,-30.0,-30.0,-0.0,-0.0,2.0,2.0
741,7.41,-30.0,-30.0,-0.0,-0.0,1.5,1.5
742,7.42,-30.0,-30.0,-0.0,-0.0,1.5,1.5
743,7.43,-30.0,-30.0,-0.0,-0.0,1.5,1.5
744,7.44,-30.0,-30.0,-0.0,-0.0,1.0,1.0
745,7.45,-30.0,-30.0,-0.0,-0.0,1.0,1.0
746,7.46,-30.0,-30.0,-0.0,-0.0,1.0,1.0
747,7.47,-30.0,-30.0,-0.0,-0.0,0.5,0.5
748,7.48,-30.0,-30.0,-0.0,-0.0,0.5,0.5
749,7.49,-30.0,-30.0,-0.0,-0.0,0.0,0.0
750,7.5,-30.0,-30.0,-0.0,-0.0,0.0,0.0
751,7.51,-30.0,-30.0,-0.0,-0.0,-0.0,-0.0
752,7.5200000000000005,-30.0,-30.0,-0.0,-0.0,-0.5,-0.5
753,7.53,-30.0,-30.0,-0.0,-0.0,-0.5,-0.5
754,7.54,-30.0,-30.0,-0.0,-0.0,-1.0,-1.0
755,7.55,-30.0,-30.0,-0.0,-0.0,-1.0,-1.0
756,7.5600000000000005,-30.0,-30.0,-0.0,-0.0,-1.0,-1.0
757,7.57,-30.0,-30.0,-0.0,-0.0,-1.5,-1.5
758,7.58,-30.0,-30.0,-0.0,-0.0,-1.5,-1.5
759,7.59,-30.0,-30.0,-0.0,-0.0,-1.5,-1.5
760,7.6000000000000005,-30.0,-30.0,-0.0,-0.0,-2.0,-2.0
761,7.61,-30.0,-30.0,-0.0,-0.0,-2.0,-2.0
762,7.62,-30.0,-30.0,-0.0,-0.0,-2.5,-2.5
763,7.63,-30.0,-30.0,-0.0,-0.0,-2.5,-2.5
764,7.640000000000001,-30.0,-30.0,-0.0,-0.0,-2.5,-2.5
765,7.65,-30.0,-30.0,-0.0,-0.0,-3.0,-3.0
766,7.66,-30.0,-30.0,-0.0,-0.0,-3.0,-3.0
767,7.67,-30.0,-30.0,-0.0,-0.0,-3.0,-3.0
768,7.68,-30.0,-30.0,-0.0,-0.0,-3.5,-3.5
769,7.69,-30.0,-30.0,-0.0,-0.0,-3.5,-3.5
770,7.7,-30.0,-30.0,-0.0,-0.0,-4.0,-4.0
771,7.71,-29.5,-29.5,-0.0,-0.0,-4.0,-4.0
772,7.72,-29.5,-29.5,-0.0,-0.0,-4.0,-4.0
773,7.73,-29.5,-29.5,-0.0,-0.0,-4.5,-4.5
774,7.74,-29.5,-29.5,-0.0,-0.0,-4.5,-4.5
775,7.75,-29.5,-29.5,-0.0,-0.0,-4.5,-4.5
776,7.76,-29.5,-29.5,-0.0,-0.0,-5.0,-5.0
777,7.7700000000000005,-29.5,-29.5,-0.0,-0.0,-5.0,-5.0
778,7.78,-29.5,-29.5,-0.0,-0.0,-5.5,-5.5
779,7.79,-29.5,-29.5,-0.0,-0.0,-5.5,-5.5
780,7.8,-29.5,-29.5,-0.0,-0.0,-5.5,-5.5
781,7.8100000000000005,-29.5,-29.5,-0.0,-0.0,-6.0,-6.0
782,7.82,-29.5,-29.5,-0.0,-0.0,-6.0,-6.0
783,7.83,-29.5,-29.5,-0.0,-0.0,-6.0,-6.0
784,7.84,-29.5,-29.5,-0.0,-0.0,-6.5,-6.5
785,7.8500000000000005,-29.5,-29.5,-0.0,-0.0,-6.5,-6.5
786,7.86,-29.0,-29.0,-0.0,-0.0,-6.5,-6.5
787,7.87,-29.0,-29.0,-0.0,-0.0,-7.0,-7.0
788,7.88,-29.0,-29.0,-0.0,-0.0,-7.0,-7.0
789,7.890000000000001,-29.0,-29.0,-0.0,-0.0,-7.5,-7.5
790,7.9,-29.0,-29.0,-0.0,-0.0,-7.5,-7.5
791,7.91,-29.0,-29.0,-0.0,-0.0,-7.5,-7.5
792,7.92,-29.0,-29.0,-0.0,-0.0,-8.0,-8.0
793,7.930000000000001,-29.0,-29.0,-0.0,-0.0,-8.0,-8.0
794,7.94,-29.0,-29.0,-0.0,-0.0,-8.0,-8.0
795,7.95,-29.0,-29.0,-0.0,-0.0,-8.5,-8.5
796,7.96,-29.0,-29.0,-0.0,-0.0,-8.5,-8.5
797,7.97,-28.5,-28.5,-0.0,-0.0,-8.5,-8.5
798,7.98,-28.5,-28.5,-0.0,-0.0,-9.0,-9.0
799,7.99,-28.5,-28.5,-0.0,-0.0,-9.0,-9.0
800,8.0,-28.5,-28.5,-0.0,-0.0,-9.5,-9.5
801,8.01,-28.5,-28.5,-0.0,-0.0,-9.5,-9.5
802,8.02,-28.5,-28.5,-0.0,-0.0,-9.5,-9.5
803,8.03,-28.5,-28.5,-0.0,-0.0,-10.0,-10.0
804,8.040000000000001,-28.5,-28.5,-0.0,-0.0,-10.0,-10.0
805,8.05,-28.0,-28.0,-0.0,-0.0,-10.0,-10.0
806,8.06,-28.0,-28.0,-0.0,-0.0,-10.5,-10.5
807,8.07,-28.0,-28.0,-0.0,-0.0,-10.5,-10.5
808,8.08,-28.0,-28.0,-0.0,-0.0,-10.5,-10.5
809,8.09,-28.0,-28.0,-0.0,-0.0,-11.0,-11.0
810,8.1,-28.0,-28.0,-0.0,-0.0,-11.0,-11.0
811,8.11,-28.0,-28.0,-0.0,-0.0,-11.0,-11.0
812,8.120000000000001,-28.0,-28.0,-0.0,-0.0,-11.5,-11.5
813,8.13,-27.5,-27.5,-0.0,-0.0,-11.5,-11.5
814,8.14,-27.5,-27.5,-0.0,-0.0,-11.5,-11.5
815,8.15,-27.5,-27.5,-0.0,-0.0,-12.0,-12.0
816,8.16,-27.5,-27.5,-0.0,-0.0,-12.0,-12.0
817,8.17,-27.5,-27.5,-0.0,-0.0,-12.5,-12.5
818,8.18,-27.5,-27.5,-0.0,-0.0,-12.5,-12.5
819,8.19,-27.0,-27.0,-0.0,-0.0,-12.5,-12.5
820,8.2,-27.0,-27.0,-0.0,-0.0,-13.0,-13.0
821,8.21,-27.0,-27.0,-0.0,-0.0,-13.0,-13.0
822,8.22,-27.0,-27.0,-0.0,-0.0,-13.0,-13.0
823,8.23,-27.0,-27.0,-0.0,-0.0,-13.5,-13.5
824,8.24,-27.0,-27.0,-0.0,-0.0,-13.5,-13.5
825,8.25,-26.5,-26.5,-0.0,-0.0,-13.5,-13.5
826,8.26,-26.5,-26.5,-0.0,-0.0,-14.0,-14.0
827,8.27,-26.5,-26.5,-0.0,-0.0,-14.0,-14.0
828,8.28,-26.5,-26.5,-0.0,-0.0,-14.0,-14.0
829,8.290000000000001,-26.5,-26.5,-0.0,-0.0,-14.5,-14.5
830,8.3,-26.5,-26.5,-0.0,-0.0,-14.5,-14.5
831,8.31,-26.0,-26.0,-0.0,-0.0,-14.5,-14.5
832,8.32,-26.0,-26.0,-0.0,-0.0,-15.0,-15.0
833,8.33,-26.0,-26.0,-0.0,-0.0,-15.0,-15.0
834,8.34,-26.0,-26.0,-0.0,-0.0,-15.0,-15.0
835,8.35,-26.0,-26.0,-0.0,-0.0,-15.5,-15.5
836,8.36,-25.5,-25.5,-0.0,-0.0,-15.5,-15.5
837,8.370000000000001,-25.5,-25.5,-0.0,-0.0,-15.5,-15.5
838,8.38,-25.5,-25.5,-0.0,-0.0,-16.0,-16.0
839,8.39,-25.5,-25.5,-0.0,-0.0,-16.0,-16.0
840,8.4,-25.5,-25.5,-0.0,-0.0,-16.0,-16.0
841,8.41,-25.0,-25.0,-0.0,-0.0,-16.0,-16.0
842,8.42,-25.0,-25.0,-0.0,-0.0,-16.5,-16.5
843,8.43,-25.0,-25.0,-0.0,-0.0,-16.5,-16.5
844,8.44,-25.0,-25.0,-0.0,-0.0,-16.5,-16.5
845,8.45,-25.0,-25.0,-0.0,-0.0,-17.0,-17.0
846,8.46,-24.5,-24.5,-0.0,-0.0,-17.0,-17.0
847,8.47,-24.5,-24.5,-0.0,-0.0,-17.0,-17.0
848,8.48,-24.5,-24.5,-0.0,-0.0,-17.5,-17.5
849,8.49,-24.5,-24.5,-0.0,-0.0,-17.5,-17.5
850,8.5,-24.5,-24.5,-0.0,-0.0,-17.5,-17.5
851,8.51,-24.0,-24.0,-0.0,-0.0,-18.0,-18.0
852,8.52,-24.0,-24.0,-0.0,-0.0,-18.0,-18.0
853,8.53,-24.0,-24.0,-0.0,-0.0,-18.0,-18.0
854,8.540000000000001,-24.0,-24.0,-0.0,-0.0,-18.0,-18.0
855,8.55,-23.5,-23.5,-0.0,-0.0,-18.5,-18.5
856,8.56,-23.5,-23.5,-0.0,-0.0,-18.5,-18.5
857,8.57,-23.5,-23.5,-0.0,-0.0,-18.5,-18.5
858,8.58,-23.5,-23.5,-0.0,-0.0,-19.0,-19.0
859,8.59,-23.0,-23.0,-0.0,-0.0,-19.0,-19.0
860,8.6,-23.0,-23.0,-0.0,-0.0,-19.0,-19.0
861,8.61,-23.0,-23.0,-0.0,-0.0,-19.5,-19.5
862,8.620000000000001,-23.0,-23.0,-0.0,-0.0,-19.5,-19.5
863,8.63,-23.0,-23.0,-0.0,-0.0,-19.5,-19.5
864,8.64,-22.5,-22.5,-0.0,-0.0,-19.5,-19.5
865,8.65,-22.5,-22.5,-0.0,-0.0,-20.0,-20.0
866,8.66,-22.5,-22.5,-0.0,-0.0,-20.0,-20.0
867,8.67,-22.5,-22.5,-0.0,-0.0,-20.0,-20.0
868,8.68,-22.0,-22.0,-0.0,-0.0,-20.5,-20.5
869,8.69,-22.0,-22.0,-0.0,-0.0,-20.5,-20.5
870,8.700000000000001,-22.0,-22.0,-0.0,-0.0,-20.5,-20.5
871,8.71,-21.5,-21.5,-0.0,-0.0,-20.5,-20.5
872,8.72,-21.5,-21.5,-0.0,-0.0,-21.0,-21.0
873,8.73,-21.5,-21.5,-0.0,-0.0,-21.0,-21.0
874,8.74,-21.5,-21.5,-0.0,-0.0,-21.0,-21.0
875,8.75,-21.0,-21.0,-0.0,-0.0,-21.0,-21.0
876,8.76,-21.0,-21.0,-0.0,-0.0,-21.5,-21.5
877,8.77,-21.0,-21.0,-0.0,-0.0,-21.5,-21.5
878,8.78,-21.0,-21.0,-0.0,-0.0,-21.5,-21.5
879,8.790000000000001,-20.5,-20.5,-0.0,-0.0,-21.5,-21.5
880,8.8,-20.5,-20.5,-0.0,-0.0,-22.0,-22.0
881,8.81,-20.5,-20.5,-0.0,-0.0,-22.0,-22.0
882,8.82,-20.5,-20.5,-0.0,-0.0,-22.0,-22.0
883,8.83,-20.0,-20.0,-0.0,-0.0,-22.5,-22.5
884,8.84,-20.0,-20.0,-0.0,-0.0,-22.5,-22.5
885,8.85,-20.0,-20.0,-0.0,-0.0,-22.5,-22.5
886,8.86,-19.5,-19.5,-0.0,-0.0,-22.5,-22.5
887,8.870000000000001,-19.5,-19.5,-0.0,-0.0,-23.0,-23.0
888,8.88,-19.5,-19.5,-0.0,-0.0,-23.0,-23.0
889,8.89,-19.5,-19.5,-0.0,-0.0,-23.0,-23.0
890,8.9,-19.0,-19.0,-0.0,-0.0,-23.0,-23.0
891,8.91,-19.0,-19.0,-0.0,-0.0,-23.0,-23.0
892,8.92,-19.0,-19.0,-0.0,-0.0,-23.5,-23.5
893,8.93,-18.5,-18.5,-0.0,-0.0,-23.5,-23.5
894,8.94,-18.5,-18.5,-0.0,-0.0,-23.5,-23.5
895,8.950000000000001,-18.5,-18.5,-0.0,-0.0,-23.5,-23.5
896,8.96,-18.0,-18.0,-0.0,-0.0,-24.0,-24.0
897,8.97,-18.0,-18.0,-0.0,-0.0,-24.0,-24.0
898,8.98,-18.0,-18.0,-0.0,-0.0,-24.0,-24.0
899,8.99,-18.0,-18.0,-0.0,-0.0,-24.0,-24.0
900,9.0,-17.5,-17.5,-0.0,-0.0,-24.5,-24.5
901,9.01,-17.5,-17.5,-0.0,-0.0,-24.5,-24.5
902,9.02,-17.5,-17.5,-0.0,-0.0,-24.5,-24.5
903,9.03,-17.0,-17.0,-0.0,-0.0,-24.5,-24.5
904,9.040000000000001,-17.0,-17.0,-0.0,-0.0,-24.5,-24.5
905,9.05,-17.0,-17.0,-0.0,-0.0,-25.0,-25.0
906,9.06,-16.5,-16.5,-0.0,-0.0,-25.0,-25.0
907,9.07,-16.5,-16.5,-0.0,-0.0,-25.0,-25.0
908,9.08,-16.5,-16.5,-0.0,-0.0,-25.0,-25.0
909,9.09,-16.0,-16.0,-0.0,-0.0,-25.0,-25.0
910,9.1,-16.0,-16.0,-0.0,-0.0,-25.5,-25.5
911,9.11,-16.0,-16.0,-0.0,-0.0,-25.5,-25.5
912,9.120000000000001,-16.0,-16.0,-0.0,-0.0,-25.5,-25.5
913,9.13,-15.5,-15.5,-0.0,-0.0,-25.5,-25.5
914,9.14,-15.5,-15.5,-0.0,-0.0,-25.5,-25.5
915,9.15,-15.5,-15.5,-0.0,-0.0,-26.0,-26.0
916,9.16,-15.0,-15.0,-0.0,-0.0,-26.0,-26.0
917,9.17,-15.0,-15.0,-0.0,-0.0,-26.0,-26.0
918,9.18,-15.0,-15.0,-0.0,-0.0,-26.0,-26.0
919,9.19,-14.5,-14.5,-0.0,-0.0,-26.0,-26.0
920,9.200000000000001,-14.5,-14.5,-0.0,-0.0,-26.5,-26.5
921,9.21,-14.5,-14.5,-0.0,-0.0,-26.5,-26.5
922,9.22,-14.0,-14.0,-0.0,-0.0,-26.5,-26.5
923,9.23,-14.0,-14.0,-0.0,-0.0,-26.5,-26.5
924,9.24,-14.0,-14.0,-0.0,-0.0,-26.5,-26.5
925,9.25,-13.5,-13.5,-0.0,-0.0,-26.5,-26.5
926,9.26,-13.5,-13.5,-0.0,-0.0,-27.0,-27.0
927,9.27,-13.5,-13.5,-0.0,-0.0,-27.0,-27.0
928,9.28,-13.0,-13.0,-0.0,-0.0,-27.0,-27.0
929,9.290000000000001,-13.0,-13.0,-0.0,-0.0,-27.0,-27.0
930,9.3,-13.0,-13.0,-0.0,-0.0,-27.0,-27.0
931,9.31,-12.5,-12.5,-0.0,-0.0,-27.0,-27.0
932,9.32,-12.5,-12.5,-0.0,-0.0,-27.5,-27.5
933,9.33,-12.5,-12.5,-0.0,-0.0,-27.5,-27.5
934,9.34,-12.0,-12.0,-0.0,-0.0,-27.5,-27.5
935,9.35,-12.0,-12.0,-0.0,-0.0,-27.5,-27.5
936,9.36,-11.5,-11.5,-0.0,-0.0,-27.5,-27.5
937,9.370000000000001,-11.5,-11.5,-0.0,-0.0,-27.5,-27.5
938,9.38,-11.5,-11.5,-0.0,-0.0,-28.0,-28.0
939,9.39,-11.0,-11.0,-0.0,-0.0,-28.0,-28.0
940,9.4,-11.0,-11.0,-0.0,-0.0,-28.0,-28.0
941,9.41,-11.0,-11.0,-0.0,-0.0,-28.0,-28.0
942,9.42,-10.5,-10.5,-0.0,-0.0,-28.0,-28.0
943,9.43,-10.5,-10.5,-0.0,-0.0,-28.0,-28.0
944,9.44,-10.5,-10.5,-0.0,-0.0,-28.0,-28.0
945,9.450000000000001,-10.0,-10.0,-0.0,-0.0,-28.0,-28.0
946,9.46,-10.0,-10.0,-0.0,-0.0,-28.5,-28.5
947,9.47,-10.0,-10.0,-0.0,-0.0,-28.5,-28.5
948,9.48,-9.5,-9.5,-0.0,-0.0,-28.5,-28.5
949,9.49,-9.5,-9.5,-0.0,-0.0,-28.5,-28.5
950,9.5,-9.5,-9.5,-0.0,-0.0,-28.5,-28.5
951,9.51,-9.0,-9.0,-0.0,-0.0,-28.5,-28.5
952,9.52,-9.0,-9.0,-0.0,-0.0,-28.5,-28.5
953,9.53,-8.5,-8.5,-0.0,-0.0,-28.5,-28.5
954,9.540000000000001,-8.5,-8.5,-0.0,-0.0,-29.0,-29.0
955,9.55,-8.5,-8.5,-0.0,-0.0,-29.0,-29.0
956,9.56,-8.0,-8.0,-0.0,-0.0,-29.0,-29.0
957,9.57,-8.0,-8.0,-0.0,-0.0,-29.0,-29.0
958,9.58,-8.0,-8.0,-0.0,-0.0,-29.0,-29.0
959,9.59,-7.5,-7.5,-0.0,-0.0,-29.0,-29.0
960,9.6,-7.5,-7.5,-0.0,-0.0,-29.0,-29.0
961,9.61,-7.5,-7.5,-0.0,-0.0,-29.0,-29.0
962,9.620000000000001,-7.0,-7.0,-0.0,-0.0,-29.0,-29.0
963,9.63,-7.0,-7.0,-0.0,-0.0,-29.0,-29.0
964,9.64,-6.5,-6.5,-0.0,-0.0,-29.0,-29.0
965,9.65,-6.5,-6.5,-0.0,-0.0,-29.5,-29.5
966,9.66,-6.5,-6.5,-0.0,-0.0,-29.5,-29.5
967,9.67,-6.0,-6.0,-0.0,-0.0,-29.5,-29.5
968,9.68,-6.0,-6.0,-0.0,-0.0,-29.5,-29.5
969,9.69,-6.0,-6.0,-0.0,-0.0,-29.5,-29.5
970,9.700000000000001,-5.5,-5.5,-0.0,-0.0,-29.5,-29.5
971,9.71,-5.5,-5.5,-0.0,-0.0,-29.5,-29.5
972,9.72,-5.5,-5.5,-0.0,-0.0,-29.5,-29.5
973,9.73,-5.0,-5.0,-0.0,-0.0,-29.5,-29.5
974,9.74,-5.0,-5.0,-0.0,-0.0,-29.5,-29.5
975,9.75,-4.5,-4.5,-0.0,-0.0,-29.5,-29.5
976,9.76,-4.5,-4.5,-0.0,-0.0,-29.5,-29.5
977,9.77,-4.5,-4.5,-0.0,-0.0,-29.5,-29.5
978,9.78,-4.0,-4.0,-0.0,-0.0,-29.5,-29.5
979,9.790000000000001,-4.0,-4.0,-0.0,-0.0,-29.5,-29.5
980,9.8,-4.0,-4.0,-0.0,-0.0,-30.0,-30.0
981,9.81,-3.5,-3.5,-0.0,-0.0,-30.0,-30.0
982,9.82,-3.5,-3.5,-0.0,-0.0,-30.0,-30.0
983,9.83,-3.0,-3.0,-0.0,-0.0,-30.0,-30.0
984,9.84,-3.0,-3.0,-0.0,-0.0,-30.0,-30.0
985,9.85,-3.0,-3.0,-0.0,-0.0,-30.0,-30.0
986,9.86,-2.5,-2.5,-0.0,-0.0,-30.0,-30.0
987,9.870000000000001,-2.5,-2.5,-0.0,-0.0,-30.0,-30.0
988,9.88,-2.5,-2.5,-0.0,-0.0,-30.0,-30.0
989,9.89,-2.0,-2.0,-0.0,-0.0,-30.0,-30.0
990,9.9,-2.0,-2.0,-0.0,-0.0,-30.0,-30.0
991,9.91,-1.5,-1.5,-0.0,-0.0,-30.0,-30.0
992,9.92,-1.5,-1.5,-0.0,-0.0,-30.0,-30.0
993,9.93,-1.5,-1.5,-0.0,-0.0,-30.0,-30.0
994,9.94,-1.0,-1.0,-0.0,-0.0,-30.0,-30.0
995,9.950000000000001,-1.0,-1.0,-0.0,-0.0,-30.0,-30.0
996,9.96,-1.0,-1.0,-0.0,-0.0,-30.0,-30.0
997,9.97,-0.5,-0.5,-0.0,-0.0,-30.0,-30.0
998,9.98,-0.5,-0.5,-0.0,-0.0,-30.0,-30.0
999,9.99,-0.0,-0.0,-0.0,-0.0,-30.0,-30.0
1000,10.0,-0.0,-0.0,-0.0,-0.0,-30.0,-30.0
1001,10.01,0.0,0.0,0.0,0.0,-30.0,-30.0
1002,10.02,0.5,0.5,0.0,0.0,-30.0,-30.0
1003,10.03,0.5,0.5,0.0,0.0,-30.0,-30.0
1004,10.040000000000001,1.0,1.0,0.0,0.0,-30.0,-30.0
1005,10.05,1.0,1.0,0.0,0.0,-30.0,-30.0
1006,10.06,1.0,1.0,0.0,0.0,-30.0,-30.0
1007,10.07,1.5,1.5,0.0,0.0,-30.0,-30.0
1008,10.08,1.5,1.5,0.0,0.0,-30.0,-30.0
1009,10.09,1.5,1.5,0.0,0.0,-30.0,-30.0
1010,10.1,2.0,2.0,0.0,0.0,-30.0,-30.0
1011,10.11,2.0,2.0,0.0,0.0,-30.0,-30.0
1012,10.120000000000001,2.5,2.5,0.0,0.0,-30.0,-30.0
1013,10.13,2.5,2.5,0.0,0.0,-30.0,-30.0
1014,10.14,2.5,2.5,0.0,0.0,-30.0,-30.0
1015,10.15,3.0,3.0,0.0,0.0,-30.0,-30.0
1016,10.16,3.0,3.0,0.0,0.0,-30.0,-30.0
1017,10.17,3.0,3.0,0.0,0.0,-30.0,-30.0
1018,10.18,3.5,3.5,0.0,0.0,-30.0,-30.0
1019,10.19,3.5,3.5,0.0,0.0,-30.0,-30.0
1020,10.200000000000001,4.0,4.0,0.0,0.0,-30.0,-30.0
1021,10.21,4.0,4.0,0.0,0.0,-29.5,-29.5
1022,10.22,4.0,4.0,0.0,0.0,-29.5,-29.5
1023,10.23,4.5,4.5,0.0,0.0,-29.5,-29.5
1024,10.24,4.5,4.5,0.0,0.0,-29.5,-29.5
1025,10.25,4.5,4.5,0.0,0.0,-29.5,-29.5
1026,10.26,5.0,5.0,0.0,0.0,-29.5,-29.5
1027,10.27,5.0,5.0,0.0,0.0,-29.5,-29.5
1028,10.28,5.5,5.5,0.0,0.0,-29.5,-29.5
1029,10.290000000000001,5.5,5.5,0.0,0.0,-29.5,-29.5
1030,10.3,5.5,5.5,0.0,0.0,-29.5,-29.5
1031,10.31,6.0,6.0,0.0,0.0,-29.5,-29.5
1032,10.32,6.0,6.0,0.0,0.0,-29.5,-29.5
1033,10.33,6.0,6.0,0.0,0.0,-29.5,-29.5
1034,10.34,6.5,6.5,0.0,0.0,-29.5,-29.5
1035,10.35,6.5,6.5,0.0,0.0,-29.5,-29.5
1036,10.36,6.5,6.5,0.0,0.0,-29.0,-29.0
1037,10.370000000000001,7.0,7.0,0.0,0.0,-29.0,-29.0
1038,10.38,7.0,7.0,0.0,0.0,-29.0,-29.0
1039,10.39,7.5,7.5,0.0,0.0,-29.0,-29.0
1040,10.4,7.5,7.5,0.0,0.0,-29.0,-29.0
1041,10.41,7.5,7.5,0.0,0.0,-29.0,-29.0
1042,10.42,8.0,8.0,0.0,0.0,-29.0,-29.0
1043,10.43,8.0,8.0,0.0,0.0,-29.0,-29.0
1044,10.44,8.0,8.0,0.0,0.0,-29.0,-29.0
1045,10.450000000000001,8.5,8.5,0.0,0.0,-29.0,-29.0
1046,10.46,8.5,8.5,0.0,0.0,-29.0,-29.0
1047,10.47,8.5,8.5,0.0,0.0,-28.5,-28.5
1048,10.48,9.0,9.0,0.0,0.0,-28.5,-28.5
1049,10.49,9.0,9.0,0.0,0.0,-28.5,-28.5
1050,10.5,9.5,9.5,0.0,0.0,-28.5,-28.5
1051,10.51,9.5,9.5,0.0,0.0,-28.5,-28.5
1052,10.52,9.5,9.5,0.0,0.0,-28.5,-28.5
1053,10.53,10.0,10.0,0.0,0.0,-28.5,-28.5
1054,10.540000000000001,10.0,10.0,0.0,0.0,-28.5,-28.5
1055,10.55,10.0,10.0,0.0,0.0,-28.0,-28.0
1056,10.56,10.5,10.5,0.0,0.0,-28.0,-28.0
1057,10.57,10.5,10.5,0.0,0.0,-28.0,-28.0
1058,10.58,10.5,10.5,0.0,0.0,-28.0,-28.0
1059,10.59,11.0,11.0,0.0,0.0,-28.0,-28.0
1060,10.6,11.0,11.0,0.0,0.0,-28.0,-28.0
1061,10.61,11.0,11.0,0.0,0.0,-28.0,-28.0
1062,10.620000000000001,11.5,11.5,0.0,0.0,-28.0,-28.0
1063,10.63,11.5,11.5,0.0,0.0,-27.5,-27.5
1064,10.64,11.5,11.5,0.0,0.0,-27.5,-27.5
1065,10.65,12.0,12.0,0.0,0.0,-27.5,-27.5
1066,10.66,12.0,12.0,0.0,0.0,-27.5,-27.5
1067,10.67,12.5,12.5,0.0,0.0,-27.5,-27.5
1068,10.68,12.5,12.5,0.0,0.0,-27.5,-27.5
1069,10.69,12.5,12.5,0.0,0.0,-27.0,-27.0
1070,10.700000000000001,13.0,13.0,0.0,0.0,-27.0,-27.0
1071,10.71,13.0,13.0,0.0,0.0,-27.0,-27.0
1072,10.72,13.0,13.0,0.0,0.0,-27.0,-27.0
1073,10.73,13.5,13.5,0.0,0.0,-27.0,-27.0
1074,10.74,13.5,13.5,0.0,0.0,-27.0,-27.0
1075,10.75,13.5,13.5,0.0,0.0,-26.5,-26.5
1076,10.76,14.0,14.0,0.0,0.0,-26.5,-26.5
1077,10.77,14.0,14.0,0.0,0.0,-26.5,-26.5
1078,10.78,14.0,14.0,0.0,0.0,-26.5,-26.5
1079,10.790000000000001,14.5,14.5,0.0,0.0,-26.5,-26.5
1080,10.8,14.5,14.5,0.0,0.0,-26.5,-26.5
1081,10.81,14.5,14.5,0.0,0.0,-26.0,-26.0
1082,10.82,15.0,15.0,0.0,0.0,-26.0,-26.0
1083,10.83,15.0,15.0,0.0,0.0,-26.0,-26.0
1084,10.84,15.0,15.0,0.0,0.0,-26.0,-26.0
1085,10.85,15.5,15.5,0.0,0.0,-26.0,-26.0
1086,10.86,15.5,15.5,0.0,0.0,-25.5,-25.5
1087,10.870000000000001,15.5,15.5,0.0,0.0,-25.5,-25.5
1088,10.88,16.0,16.0,0.0,0.0,-25.5,-25.5
1089,10.89,16.0,16.0,0.0,0.0,-25.5,-25.5
1090,10.9,16.0,16.0,0.0,0.0,-25.5,-25.5
1091,10.91,16.0,16.0,0.0,0.0,-25.0,-25.0
1092,10.92,16.5,16.5,0.0,0.0,-25.0,-25.0
1093,10.93,16.5,16.5,0.0,0.0,-25.0,-25.0
1094,10.94,16.5,16.5,0.0,0.0,-25.0,-25.0
1095,10.950000000000001,17.0,17.0,0.0,0.0,-25.0,-25.0
1096,10.96,17.0,17.0,0.0,0.0,-24.5,-24.5
1097,10.97,17.0,17.0,0.0,0.0,-24.5,-24.5
1098,10.98,17.5,17.5,0.0,0.0,-24.5,-24.5
1099,10.99,17.5,17.5,0.0,0.0,-24.5,-24.5
1100,11.0,17.5,17.5,0.0,0.0,-24.5,-24.5
1101,11.01,18.0,18.0,0.0,0.0,-24.0,-24.0
1102,11.02,18.0,18.0,0.0,0.0,-24.0,-24.0
1103,11.03,18.0,18.0,0.0,0.0,-24.0,-24.0
1104,11.040000000000001,18.0,18.0,0.0,0.0,-24.0,-24.0
1105,11.05,18.5,18.5,0.0,0.0,-23.5,-23.5
1106,11.06,18.5,18.5,0.0,0.0,-23.5,-23.5
1107,11.07,18.5,18.5,0.0,0.0,-23.5,-23.5
1108,11.08,19.0,19.0,0.0,0.0,-23.5,-23.5
1109,11.09,19.0,19.0,0.0,0.0,-23.0,-23.0
1110,11.1,19.0,19.0,0.0,0.0,-23.0,-23.0
1111,11.11,19.5,19.5,0.0,0.0,-23.0,-23.0
1112,11.120000000000001,19.5,19.5,0.0,0.0,-23.0,-23.0
1113,11.13,19.5,19.5,0.0,0.0,-23.0,-23.0
1114,11.14,19.5,19.5,0.0,0.0,-22.5,-22.5
1115,11.15,20.0,20.0,0.0,0.0,-22.5,-22.5
1116,11.16,20.0,20.0,0.0,0.0,-22.5,-22.5
1117,11.17,20.0,20.0,0.0,0.0,-22.5,-22.5
1118,11.18,20.5,20.5,0.0,0.0,-22.0,-22.0
1119,11.19,20.5,20.5,0.0,0.0,-22.0,-22.0
1120,11.200000000000001,20.5,20.5,0.0,0.0,-22.0,-22.0
1121,11.21,20.5,20.5,0.0,0.0,-21.5,-21.5
1122,11.22,21.0,21.0,0.0,0.0,-21.5,-21.5
1123,11.23,21.0,21.0,0.0,0.0,-21.5,-21.5
1124,11.24,21.0,21.0,0.0,0.0,-21.5,-21.5
1125,11.25,21.0,21.0,0.0,0.0,-21.0,-21.0
1126,11.26,21.5,21.5,0.0,0.0,-21.0,-21.0
1127,11.27,21.5,21.5,0.0,0.0,-21.0,-21.0
1128,11.28,21.5,21.5,0.0,0.0,-21.0,-21.0
1129,11.290000000000001,21.5,21.5,0.0,0.0,-20.5,-20.5
1130,11.3,22.0,22.0,0.0,0.0,-20.5,-20.5
1131,11.31,22.0,22.0,0.0,0.0,-20.5,-20.5
1132,11.32,22.0,22.0,0.0,0.0,-20.5,-20.5
1133,11.33,22.5,22.5,0.0,0.0,-20.0,-20.0
1134,11.34,22.5,22.5,0.0,0.0,-20.0,-20.0
1135,11.35,22.5,22.5,0.0,0.0,-20.0,-20.0
1136,11.36,22.5,22.5,0.0,0.0,-19.5,-19.5
1137,11.370000000000001,23.0,23.0,0.0,0.0,-19.5,-19.5
1138,11.38,23.0,23.0,0.0,0.0,-19.5,-19.5
1139,11.39,23.0,23.0,0.0,0.0,-19.5,-19.5
1140,11.4,23.0,23.0,0.0,0.0,-19.0,-19.0
1141,11.41,23.0,23.0,0.0,0.0,-19.0,-19.0
1142,11.42,23.5,23.5,0.0,0.0,-19.0,-19.0
1143,11.43,23.5,23.5,0.0,0.0,-18.5,-18.5
1144,11.44,23.5,23.5,0.0,0.0,-18.5,-18.5
1145,11.450000000000001,23.5,23.5,0.0,0.0,-18.5,-18.5
1146,11.46,24.0,24.0,0.0,0.0,-18.0,-18.0
1147,11.47,24.0,24.0,0.0,0.0,-18.0,-18.0
1148,11.48,24.0,24.0,0.0,0.0,-18.0,-18.0
1149,11.49,24.0,24.0,0.0,0.0,-18.0,-18.0
1150,11.5,24.5,24.5,0.0,0.0,-17.5,-17.5
1151,11.51,24.5,24.5,0.0,0.0,-17.5,-17.5
1152,11.52,24.5,24.5,0.0,0.0,-17.5,-17.5
1153,11.53,24.5,24.5,0.0,0.0,-17.0,-17.0
1154,11.540000000000001,24.5,24.5,0.0,0.0,-17.0,-17.0
1155,11.55,25.0,25.0,0.0,0.0,-17.0,-17.0
1156,11.56,25.0,25.0,0.0,0.0,-16.5,-16.5
1157,11.57,25.0,25.0,0.0,0.0,-16.5,-16.5
1158,11.58,25.0,25.0,0.0,0.0,-16.5,-16.5
1159,11.59,25.0,25.0,0.0,0.0,-16.0,-16.0
1160,11.6,25.5,25.5,0.0,0.0,-16.0,-16.0
1161,11.61,25.5,25.5,0.0,0.0,-16.0,-16.0
1162,11.620000000000001,25.5,25.5,0.0,0.0,-16.0,-16.0
1163,11.63,25.5,25.5,0.0,0.0,-15.5,-15.5
1164,11.64,25.5,25.5,0.0,0.0,-15.5,-15.5
1165,11.65,26.0,26.0,0.0,0.0,-15.5,-15.5
1166,11.66,26.0,26.0,0.0,0.0,-15.0,-15.0
1167,11.67,26.0,26.0,0.0,0.0,-15.0,-15.0
1168,11.68,26.0,26.0,0.0,0.0,-15.0,-15.0
1169,11.69,26.0,26.0,0.0,0.0,-14.5,-14.5
1170,11.700000000000001,26.5,26.5,0.0,0.0,-14.5,-14.5
1171,11.71,26.5,26.5,0.0,0.0,-14.5,-14.5
1172,11.72,26.5,26.5,0.0,0.0,-14.0,-14.0
1173,11.73,26.5,26.5,0.0,0.0,-14.0,-14.0
1174,11.74,26.5,26.5,0.0,0.0,-14.0,-14.0
1175,11.75,26.5,26.5,0.0,0.0,-13.5,-13.5
1176,11.76,27.0,27.0,0.0,0.0,-13.5,-13.5
1177,11.77,27.0,27.0,0.0,0.0,-13.5,-13.5
1178,11.78,27.0,27.0,0.0,0.0,-13.0,-13.0
1179,11.790000000000001,27.0,27.0,0.0,0.0,-13.0,-13.0
1180,11.8,27.0,27.0,0.0,0.0,-13.0,-13.0
1181,11.81,27.0,27.0,0.0,0.0,-12.5,-12.5
1182,11.82,27.5,27.5,0.0,0.0,-12.5,-12.5
1183,11.83,27.5,27.5,0.0,0.0,-12.5,-12.5
1184,11.84,27.5,27.5,0.0,0.0,-12.0,-12.0
1185,11.85,27.5,27.5,0.0,0.0,-12.0,-12.0
1186,11.86,27.5,27.5,0.0,0.0,-11.5,-11.5
1187,11.870000000000001,27.5,27.5,0.0,0.0,-11.5,-11.5
1188,11.88,28.0,28.0,0.0,0.0,-11.5,-11.5
1189,11.89,28.0,28.0,0.0,0.0,-11.0,-11.0
1190,11.9,28.0,28.0,0.0,0.0,-11.0,-11.0
1191,11.91,28.0,28.0,0.0,0.0,-11.0,-11.0
1192,11.92,28.0,28.0,0.0,0.0,-10.5,-10.5
1193,11.93,28.0,28.0,0.0,0.0,-10.5,-10.5
1194,11.94,28.0,28.0,0.0,0.0,-10.5,-10.5
1195,11.950000000000001,28.0,28.0,0.0,0.0,-10.0,-10.0
1196,11.96,28.5,28.5,0.0,0.0,-10.0,-10.0
1197,11.97,28.5,28.5,0.0,0.0,-10.0,-10.0
1198,11.98,28.5,28.5,0.0,0.0,-9.5,-9.5
1199,11.99,28.5,28.5,0.0,0.0,-9.5,-9.5
1200,12.0,28.5,28.5,0.0,0.0,-9.5,-9.5
1201,12.01,28.5,28.5,0.0,0.0,-9.0,-9.0
1202,12.02,28.5,28.5,0.0,0.0,-9.0,-9.0
1203,12.030000000000001,28.5,28.5,0.0,0.0,-8.5,-8.5
1204,12.040000000000001,29.0,29.0,0.0,0.0,-8.5,-8.5
1205,12.05,29.0,29.0,0.0,0.0,-8.5,-8.5
1206,12.06,29.0,29.0,0.0,0.0,-8.0,-8.0
1207,12.07,29.0,29.0,0.0,0.0,-8.0,-8.0
1208,12.08,29.0,29.0,0.0,0.0,-8.0,-8.0
1209,12.09,29.0,29.0,0.0,0.0,-7.5,-7.5
1210,12.1,29.0,29.0,0.0,0.0,-7.5,-7.5
1211,12.11,29.0,29.0,0.0,0.0,-7.5,-7.5
1212,12.120000000000001,29.0,29.0,0.0,0.0,-7.0,-7.0
1213,12.13,29.0,29.0,0.0,0.0,-7.0,-7.0
1214,12.14,29.0,29.0,0.0,0.0,-6.5,-6.5
1215,12.15,29.5,29.5,0.0,0.0,-6.5,-6.5
1216,12.16,29.5,29.5,0.0,0.0,-6.5,-6.5
1217,12.17,29.5,29.5,0.0,0.0,-6.0,-6.0
1218,12.18,29.5,29.5,0.0,0.0,-6.0,-6.0
1219,12.19,29.5,29.5,0.0,0.0,-6.0,-6.0
1220,12.200000000000001,29.5,29.5,0.0,0.0,-5.5,-5.5
1221,12.21,29.5,29.5,0.0,0.0,-5.5,-5.5
1222,12.22,29.5,29.5,0.0,0.0,-5.5,-5.5
1223,12.23,29.5,29.5,0.0,0.0,-5.0,-5.0
1224,12.24,29.5,29.5,0.0,0.0,-5.0,-5.0
1225,12.25,29.5,29.5,0.0,0.0,-4.5,-4.5
1226,12.26,29.5,29.5,0.0,0.0,-4.5,-4.5
1227,12.27,29.5,29.5,0.0,0.0,-4.5,-4.5
1228,12.280000000000001,29.5,29.5,0.0,0.0,-4.0,-4.0
1229,12.290000000000001,29.5,29.5,0.0,0.0,-4.0,-4.0
1230,12.3,30.0,30.0,0.0,0.0,-4.0,-4.0
1231,12.31,30.0,30.0,0.0,0.0,-3.5,-3.5
1232,12.32,30.0,30.0,0.0,0.0,-3.5,-3.5
1233,12.33,30.0,30.0,0.0,0.0,-3.0,-3.0
1234,12.34,30.0,30.0,0.0,0.0,-3.0,-3.0
1235,12.35,30.0,30.0,0.0,0.0,-3.0,-3.0
1236,12.36,30.0,30.0,0.0,0.0,-2.5,-2.5
1237,12.370000000000001,30.0,30.0,0.0,0.0,-2.5,-2.5
1238,12.38,30.0,30.0,0.0,0.0,-2.5,-2.5
1239,12.39,30.0,30.0,0.0,0.0,-2.0,-2.0
1240,12.4,30.0,30.0,0.0,0.0,-2.0,-2.0
1241,12.41,30.0,30.0,0.0,0.0,-1.5,-1.5
1242,12.42,30.0,30.0,0.0,0.0,-1.5,-1.5
1243,12.43,30.0,30.0,0.0,0.0,-1.5,-1.5
1244,12.44,30.0,30.0,0.0,0.0,-1.0,-1.0
1245,12.450000000000001,30.0,30.0,0.0,0.0,-1.0,-1.0
1246,12.46,30.0,30.0,0.0,0.0,-1.0,-1.0
1247,12.47,30.0,30.0,0.0,0.0,-0.5,-0.5
1248,12.48,30.0,30.0,0.0,0.0,-0.5,-0.5
1249,12.49,30.0,30.0,0.0,0.0,-0.0,-0.0
